run_id,tag,method,dataset,backbone,train_fraction,num_classes,epochs,batch_size,lr,seed,trainable_params,total_params,pct_trainable,best_acc,final_acc,peak_mem_mb,train_time_s,time_per_epoch_s,throughput_img_s,model,lora_r,adapter_dim,vpt_prompts
main__vit_b__linear_probe__flowers102__s42__f100__r8__a64__p20,main,linear_probe,flowers102,vit_b,1.0,102,30,64,0.001,42,78438,85877094,0.0913,99.545,99.545,715.8,402.4,13.4,147.9,vit_base_patch16_224.augreg_in21k,8,64,20
main__vit_b__bitfit__flowers102__s42__f100__r8__a64__p20,main,bitfit,flowers102,vit_b,1.0,102,30,64,0.001,42,181350,85877094,0.2112,99.675,99.593,3436.4,477.6,15.9,124.6,vit_base_patch16_224.augreg_in21k,8,64,20
main__vit_b__ssf__flowers102__s42__f100__r8__a64__p20,main,ssf,flowers102,vit_b,1.0,102,30,64,0.002,42,152166,85950822,0.177,99.593,99.593,4711.9,596.1,19.9,99.9,vit_base_patch16_224.augreg_in21k,8,64,20
main__vit_b__vpt__flowers102__s42__f100__r8__a64__p20,main,vpt,flowers102,vit_b,1.0,102,30,64,0.005,42,93798,85892454,0.1092,99.642,99.61,3716.9,534.4,17.8,111.4,vit_base_patch16_224.augreg_in21k,8,64,20
main__vit_b__lora__flowers102__s42__f100__r8__a64__p20,main,lora,flowers102,vit_b,1.0,102,30,64,0.001,42,373350,86172006,0.4333,99.707,99.691,3825.9,548.4,18.3,108.5,vit_base_patch16_224.augreg_in21k,8,64,20
main__vit_b__adaptformer__flowers102__s42__f100__r8__a64__p20,main,adaptformer,flowers102,vit_b,1.0,102,30,64,0.001,42,1268082,87066738,1.4564,99.707,99.707,3681.6,517.6,17.3,115.0,vit_base_patch16_224.augreg_in21k,8,64,20
main__vit_b__lora_ssf__flowers102__s42__f100__r8__a64__p20,main,lora_ssf,flowers102,vit_b,1.0,102,30,64,0.001,42,447078,86245734,0.5184,99.691,99.626,5169.9,465.5,15.5,127.9,vit_base_patch16_224.augreg_in21k,8,64,20
main__vit_b__full_ft__flowers102__s42__f100__r8__a64__p20,main,full_ft,flowers102,vit_b,1.0,102,30,64,0.0001,42,85877094,85877094,100.0,99.431,99.431,5404.0,451.5,15.0,131.8,vit_base_patch16_224.augreg_in21k,8,64,20
main__vit_b__linear_probe__dtd__s42__f100__r8__a64__p20,main,linear_probe,dtd,vit_b,1.0,47,20,128,0.001,42,36143,85834799,0.0421,78.298,78.138,1751.8,225.8,11.3,328.8,vit_base_patch16_224.augreg_in21k,8,64,20
main__vit_b__bitfit__dtd__s42__f100__r8__a64__p20,main,bitfit,dtd,vit_b,1.0,47,20,128,0.001,42,139055,85834799,0.162,80.798,80.745,6348.6,383.9,19.2,193.4,vit_base_patch16_224.augreg_in21k,8,64,20
main__vit_b__ssf__dtd__s42__f100__r8__a64__p20,main,ssf,dtd,vit_b,1.0,47,20,128,0.002,42,109871,85908527,0.1279,80.904,80.691,8899.5,449.9,22.5,165.0,vit_base_patch16_224.augreg_in21k,8,64,20
main__vit_b__vpt__dtd__s42__f100__r8__a64__p20,main,vpt,dtd,vit_b,1.0,47,20,128,0.005,42,51503,85850159,0.06,79.734,79.468,6874.0,396.7,19.8,187.1,vit_base_patch16_224.augreg_in21k,8,64,20
main__vit_b__lora__dtd__s42__f100__r8__a64__p20,main,lora,dtd,vit_b,1.0,47,20,128,0.001,42,331055,86129711,0.3844,82.074,81.968,7126.8,447.6,22.4,165.8,vit_base_patch16_224.augreg_in21k,8,64,20
main__vit_b__adaptformer__dtd__s42__f100__r8__a64__p20,main,adaptformer,dtd,vit_b,1.0,47,20,128,0.001,42,1225787,87024443,1.4086,83.511,83.457,6829.2,397.8,19.9,186.6,vit_base_patch16_224.augreg_in21k,8,64,20
main__vit_b__lora_ssf__dtd__s42__f100__r8__a64__p20,main,lora_ssf,dtd,vit_b,1.0,47,20,128,0.001,42,404783,86203439,0.4696,81.755,81.755,9798.5,705.5,35.3,105.2,vit_base_patch16_224.augreg_in21k,8,64,20
main__vit_b__full_ft__dtd__s42__f100__r8__a64__p20,main,full_ft,dtd,vit_b,1.0,47,20,128,0.0001,42,85834799,85834799,100.0,81.543,81.489,9592.5,499.1,25.0,148.8,vit_base_patch16_224.augreg_in21k,8,64,20
main__vit_b__linear_probe__pets__s42__f100__r8__a64__p20,main,linear_probe,pets,vit_b,1.0,37,20,128,0.001,42,28453,85827109,0.0332,92.341,92.123,1751.6,258.6,12.9,277.2,vit_base_patch16_224.augreg_in21k,8,64,20
main__vit_b__bitfit__pets__s42__f100__r8__a64__p20,main,bitfit,pets,vit_b,1.0,37,20,128,0.001,42,131365,85827109,0.1531,94.413,94.304,6348.2,407.6,20.4,175.8,vit_base_patch16_224.augreg_in21k,8,64,20
main__vit_b__ssf__pets__s42__f100__r8__a64__p20,main,ssf,pets,vit_b,1.0,37,20,128,0.002,42,102181,85900837,0.119,94.413,94.413,8900.3,477.0,23.8,150.3,vit_base_patch16_224.augreg_in21k,8,64,20
main__vit_b__vpt__pets__s42__f100__r8__a64__p20,main,vpt,pets,vit_b,1.0,37,20,128,0.005,42,43813,85842469,0.051,93.35,93.268,6873.9,420.1,21.0,170.6,vit_base_patch16_224.augreg_in21k,8,64,20
main__vit_b__lora__pets__s42__f100__r8__a64__p20,main,lora,pets,vit_b,1.0,37,20,128,0.001,42,323365,86122021,0.3755,94.903,94.903,7126.7,477.6,23.9,150.1,vit_base_patch16_224.augreg_in21k,8,64,20
main__vit_b__adaptformer__pets__s42__f100__r8__a64__p20,main,adaptformer,pets,vit_b,1.0,37,20,128,0.001,42,1218097,87016753,1.3998,95.176,95.04,6830.3,426.5,21.3,168.1,vit_base_patch16_224.augreg_in21k,8,64,20
main__vit_b__lora_ssf__pets__s42__f100__r8__a64__p20,main,lora_ssf,pets,vit_b,1.0,37,20,128,0.001,42,397093,86195749,0.4607,94.93,94.821,9800.2,752.8,37.6,95.2,vit_base_patch16_224.augreg_in21k,8,64,20
main__vit_b__full_ft__pets__s42__f100__r8__a64__p20,main,full_ft,pets,vit_b,1.0,37,20,128,0.0001,42,85827109,85827109,100.0,93.759,93.731,9594.5,966.1,48.3,74.2,vit_base_patch16_224.augreg_in21k,8,64,20
main__vit_b__linear_probe__cifar100__s42__f100__r8__a64__p20,main,linear_probe,cifar100,vit_b,1.0,100,6,128,0.001,42,76900,85875556,0.0895,88.67,88.67,1752.4,530.9,88.5,564.2,vit_base_patch16_224.augreg_in21k,8,64,20
main__vit_b__bitfit__cifar100__s42__f100__r8__a64__p20,main,bitfit,cifar100,vit_b,1.0,100,6,128,0.001,42,179812,85875556,0.2094,93.54,93.54,6349.2,1183.7,197.3,253.0,vit_base_patch16_224.augreg_in21k,8,64,20
main__vit_b__ssf__cifar100__s42__f100__r8__a64__p20,main,ssf,cifar100,vit_b,1.0,100,6,128,0.002,42,150628,85949284,0.1753,93.77,93.77,8899.5,1427.9,238.0,209.8,vit_base_patch16_224.augreg_in21k,8,64,20
main__vit_b__vpt__cifar100__s42__f100__r8__a64__p20,main,vpt,cifar100,vit_b,1.0,100,6,128,0.005,42,92260,85890916,0.1074,91.98,91.93,6874.8,1216.5,202.7,246.2,vit_base_patch16_224.augreg_in21k,8,64,20
main__vit_b__lora__cifar100__s42__f100__r8__a64__p20,main,lora,cifar100,vit_b,1.0,100,6,128,0.001,42,371812,86170468,0.4315,93.71,93.71,7127.4,1417.8,236.3,211.3,vit_base_patch16_224.augreg_in21k,8,64,20
main__vit_b__adaptformer__cifar100__s42__f100__r8__a64__p20,main,adaptformer,cifar100,vit_b,1.0,100,6,128,0.001,42,1266544,87065200,1.4547,93.59,93.59,6830.3,1233.3,205.5,242.9,vit_base_patch16_224.augreg_in21k,8,64,20
main__vit_b__lora_ssf__cifar100__s42__f100__r8__a64__p20,main,lora_ssf,cifar100,vit_b,1.0,100,6,128,0.001,42,445540,86244196,0.5166,93.9,93.9,9798.5,3748.1,624.7,79.9,vit_base_patch16_224.augreg_in21k,8,64,20
main__vit_b__full_ft__cifar100__s42__f100__r8__a64__p20,main,full_ft,cifar100,vit_b,1.0,100,6,128,0.0001,42,85875556,85875556,100.0,92.41,92.41,9594.8,2159.4,359.9,138.7,vit_base_patch16_224.augreg_in21k,8,64,20
abl_loraR__vit_b__lora__dtd__s42__f100__r1__a64__p20,abl_loraR,lora,dtd,vit_b,1.0,47,20,128,0.001,42,73007,85871663,0.085,80.479,80.372,7115.3,493.3,24.7,150.5,vit_base_patch16_224.augreg_in21k,1,64,20
abl_loraR__vit_b__lora__dtd__s42__f100__r2__a64__p20,abl_loraR,lora,dtd,vit_b,1.0,47,20,128,0.001,42,109871,85908527,0.1279,80.532,80.319,7116.9,492.7,24.6,150.7,vit_base_patch16_224.augreg_in21k,2,64,20
abl_loraR__vit_b__lora__dtd__s42__f100__r4__a64__p20,abl_loraR,lora,dtd,vit_b,1.0,47,20,128,0.001,42,183599,85982255,0.2135,81.596,81.383,7120.2,420.5,21.0,176.6,vit_base_patch16_224.augreg_in21k,4,64,20
abl_loraR__vit_b__lora__dtd__s42__f100__r8__a64__p20,abl_loraR,lora,dtd,vit_b,1.0,47,20,128,0.001,42,331055,86129711,0.3844,81.489,81.383,7126.8,406.7,20.3,182.6,vit_base_patch16_224.augreg_in21k,8,64,20
abl_loraR__vit_b__lora__dtd__s42__f100__r16__a64__p20,abl_loraR,lora,dtd,vit_b,1.0,47,20,128,0.001,42,625967,86424623,0.7243,82.66,82.553,7139.9,406.3,20.3,182.7,vit_base_patch16_224.augreg_in21k,16,64,20
abl_loraR__vit_b__lora__dtd__s42__f100__r32__a64__p20,abl_loraR,lora,dtd,vit_b,1.0,47,20,128,0.001,42,1215791,87014447,1.3972,82.872,82.66,7167.0,406.5,20.3,182.6,vit_base_patch16_224.augreg_in21k,32,64,20
main__vit_b__linear_probe__cifar10__s42__f100__r8__a64__p20,main,linear_probe,cifar10,vit_b,1.0,10,3,128,0.001,42,7690,85806346,0.009,97.64,97.64,1751.3,311.2,103.7,481.3,vit_base_patch16_224.augreg_in21k,8,64,20
main__vit_b__bitfit__cifar10__s42__f100__r8__a64__p20,main,bitfit,cifar10,vit_b,1.0,10,3,128,0.001,42,110602,85806346,0.1289,98.98,98.98,6348.1,655.4,218.5,228.5,vit_base_patch16_224.augreg_in21k,8,64,20
main__vit_b__ssf__cifar10__s42__f100__r8__a64__p20,main,ssf,cifar10,vit_b,1.0,10,3,128,0.002,42,81418,85880074,0.0948,99.07,99.07,8898.7,810.1,270.0,184.9,vit_base_patch16_224.augreg_in21k,8,64,20
main__vit_b__vpt__cifar10__s42__f100__r8__a64__p20,main,vpt,cifar10,vit_b,1.0,10,3,128,0.005,42,23050,85821706,0.0269,98.63,98.63,6873.7,715.7,238.6,209.3,vit_base_patch16_224.augreg_in21k,8,64,20
main__vit_b__lora__cifar10__s42__f100__r8__a64__p20,main,lora,cifar10,vit_b,1.0,10,3,128,0.001,42,302602,86101258,0.3514,99.14,99.14,7126.4,809.5,269.8,185.0,vit_base_patch16_224.augreg_in21k,8,64,20
main__vit_b__adaptformer__cifar10__s42__f100__r8__a64__p20,main,adaptformer,cifar10,vit_b,1.0,10,3,128,0.001,42,1197334,86995990,1.3763,99.15,99.15,6829.5,720.7,240.2,207.8,vit_base_patch16_224.augreg_in21k,8,64,20
main__vit_b__lora_ssf__cifar10__s42__f100__r8__a64__p20,main,lora_ssf,cifar10,vit_b,1.0,10,3,128,0.001,42,376330,86174986,0.4367,99.15,99.15,9797.7,2129.4,709.8,70.3,vit_base_patch16_224.augreg_in21k,8,64,20
main__vit_b__full_ft__cifar10__s42__f100__r8__a64__p20,main,full_ft,cifar10,vit_b,1.0,10,3,128,0.0001,42,85806346,85806346,100.0,98.65,98.65,9592.1,1209.9,403.3,123.8,vit_base_patch16_224.augreg_in21k,8,64,20
main__vit_b__linear_probe__svhn__s42__f100__r8__a64__p20,main,linear_probe,svhn,vit_b,1.0,10,2,128,0.001,42,7690,85806346,0.009,65.078,65.078,1751.3,352.6,176.3,415.3,vit_base_patch16_224.augreg_in21k,8,64,20
main__vit_b__bitfit__svhn__s42__f100__r8__a64__p20,main,bitfit,svhn,vit_b,1.0,10,2,128,0.001,42,110602,85806346,0.1289,95.018,95.018,6347.9,682.3,341.2,214.6,vit_base_patch16_224.augreg_in21k,8,64,20
main__vit_b__ssf__svhn__s42__f100__r8__a64__p20,main,ssf,svhn,vit_b,1.0,10,2,128,0.002,42,81418,85880074,0.0948,95.801,95.801,8898.3,795.6,397.8,184.1,vit_base_patch16_224.augreg_in21k,8,64,20
main__vit_b__vpt__svhn__s42__f100__r8__a64__p20,main,vpt,svhn,vit_b,1.0,10,2,128,0.005,42,23050,85821706,0.0269,90.335,90.335,6873.6,708.8,354.4,206.6,vit_base_patch16_224.augreg_in21k,8,64,20
main__vit_b__lora__svhn__s42__f100__r8__a64__p20,main,lora,svhn,vit_b,1.0,10,2,128,0.001,42,302602,86101258,0.3514,96.662,96.662,7126.4,800.5,400.2,182.9,vit_base_patch16_224.augreg_in21k,8,64,20
main__vit_b__adaptformer__svhn__s42__f100__r8__a64__p20,main,adaptformer,svhn,vit_b,1.0,10,2,128,0.001,42,1197334,86995990,1.3763,96.938,96.938,6827.2,705.2,352.6,207.6,vit_base_patch16_224.augreg_in21k,8,64,20
main__vit_b__lora_ssf__svhn__s42__f100__r8__a64__p20,main,lora_ssf,svhn,vit_b,1.0,10,2,128,0.001,42,376330,86174986,0.4367,96.62,96.62,9797.6,958.5,479.2,152.8,vit_base_patch16_224.augreg_in21k,8,64,20
main__vit_b__full_ft__svhn__s42__f100__r8__a64__p20,main,full_ft,svhn,vit_b,1.0,10,2,128,0.0001,42,85806346,85806346,100.0,97.342,97.342,9592.9,852.6,426.3,171.7,vit_base_patch16_224.augreg_in21k,8,64,20
main__vit_b__linear_probe__eurosat__s42__f100__r8__a64__p20,main,linear_probe,eurosat,vit_b,1.0,10,5,128,0.001,42,7690,85806346,0.009,97.148,97.148,1751.3,268.5,53.7,400.4,vit_base_patch16_224.augreg_in21k,8,64,20
main__vit_b__bitfit__eurosat__s42__f100__r8__a64__p20,main,bitfit,eurosat,vit_b,1.0,10,5,128,0.001,42,110602,85806346,0.1289,98.593,98.593,6347.9,501.4,100.3,214.4,vit_base_patch16_224.augreg_in21k,8,64,20
main__vit_b__ssf__eurosat__s42__f100__r8__a64__p20,main,ssf,eurosat,vit_b,1.0,10,5,128,0.002,42,81418,85880074,0.0948,98.722,98.722,8897.8,590.9,118.2,182.0,vit_base_patch16_224.augreg_in21k,8,64,20
main__vit_b__vpt__eurosat__s42__f100__r8__a64__p20,main,vpt,eurosat,vit_b,1.0,10,5,128,0.005,42,23050,85821706,0.0269,97.907,97.907,6873.6,525.6,105.1,204.6,vit_base_patch16_224.augreg_in21k,8,64,20
main__vit_b__lora__eurosat__s42__f100__r8__a64__p20,main,lora,eurosat,vit_b,1.0,10,5,128,0.001,42,302602,86101258,0.3514,98.852,98.796,7126.4,579.6,115.9,185.5,vit_base_patch16_224.augreg_in21k,8,64,20
main__vit_b__adaptformer__eurosat__s42__f100__r8__a64__p20,main,adaptformer,eurosat,vit_b,1.0,10,5,128,0.001,42,1197334,86995990,1.3763,98.963,98.963,6829.5,523.4,104.7,205.4,vit_base_patch16_224.augreg_in21k,8,64,20
main__vit_b__lora_ssf__eurosat__s42__f100__r8__a64__p20,main,lora_ssf,eurosat,vit_b,1.0,10,5,128,0.001,42,376330,86174986,0.4367,99.037,99.037,9797.6,696.2,139.2,154.4,vit_base_patch16_224.augreg_in21k,8,64,20
main__vit_b__full_ft__eurosat__s42__f100__r8__a64__p20,main,full_ft,eurosat,vit_b,1.0,10,5,128,0.0001,42,85806346,85806346,100.0,98.87,98.87,9592.6,569.7,113.9,188.7,vit_base_patch16_224.augreg_in21k,8,64,20
main__vit_b__linear_probe__gtsrb__s42__f100__r8__a64__p20,main,linear_probe,gtsrb,vit_b,1.0,43,3,128,0.001,42,33067,85831723,0.0385,77.72,77.72,1751.7,229.9,76.6,347.4,vit_base_patch16_224.augreg_in21k,8,64,20
main__vit_b__bitfit__gtsrb__s42__f100__r8__a64__p20,main,bitfit,gtsrb,vit_b,1.0,43,3,128,0.001,42,135979,85831723,0.1584,96.01,96.01,6347.7,375.8,125.3,212.5,vit_base_patch16_224.augreg_in21k,8,64,20
main__vit_b__ssf__gtsrb__s42__f100__r8__a64__p20,main,ssf,gtsrb,vit_b,1.0,43,3,128,0.002,42,106795,85905451,0.1243,96.445,96.445,8899.5,438.4,146.1,182.2,vit_base_patch16_224.augreg_in21k,8,64,20
main__vit_b__vpt__gtsrb__s42__f100__r8__a64__p20,main,vpt,gtsrb,vit_b,1.0,43,3,128,0.005,42,48427,85847083,0.0564,88.781,88.781,6874.0,400.3,133.4,199.5,vit_base_patch16_224.augreg_in21k,8,64,20
main__vit_b__lora__gtsrb__s42__f100__r8__a64__p20,main,lora,gtsrb,vit_b,1.0,43,3,128,0.001,42,327979,86126635,0.3808,96.936,96.849,7126.8,435.5,145.2,183.4,vit_base_patch16_224.augreg_in21k,8,64,20
main__vit_b__adaptformer__gtsrb__s42__f100__r8__a64__p20,main,adaptformer,gtsrb,vit_b,1.0,43,3,128,0.001,42,1222711,87021367,1.4051,97.268,97.268,6827.3,390.0,130.0,204.8,vit_base_patch16_224.augreg_in21k,8,64,20
main__vit_b__lora_ssf__gtsrb__s42__f100__r8__a64__p20,main,lora_ssf,gtsrb,vit_b,1.0,43,3,128,0.001,42,401707,86200363,0.466,97.015,97.015,9798.8,522.8,174.3,152.8,vit_base_patch16_224.augreg_in21k,8,64,20
main__vit_b__full_ft__gtsrb__s42__f100__r8__a64__p20,main,full_ft,gtsrb,vit_b,1.0,43,3,128,0.0001,42,85831723,85831723,100.0,97.427,97.427,9592.8,460.3,153.4,173.5,vit_base_patch16_224.augreg_in21k,8,64,20
main__vit_s__linear_probe__flowers102__s42__f100__r8__a64__p20,main,linear_probe,flowers102,vit_s,1.0,102,30,128,0.001,42,39270,21704934,0.1809,99.577,99.545,914.8,224.8,7.5,256.3,vit_small_patch16_224.augreg_in21k,8,64,20
main__vit_s__bitfit__flowers102__s42__f100__r8__a64__p20,main,bitfit,flowers102,vit_s,1.0,102,30,128,0.001,42,90726,21704934,0.418,99.61,99.577,3124.7,240.6,8.0,239.4,vit_small_patch16_224.augreg_in21k,8,64,20
main__vit_s__ssf__flowers102__s42__f100__r8__a64__p20,main,ssf,flowers102,vit_s,1.0,102,30,128,0.002,42,76134,21741798,0.3502,99.561,99.561,4376.7,268.5,9.0,214.5,vit_small_patch16_224.augreg_in21k,8,64,20
main__vit_s__vpt__flowers102__s42__f100__r8__a64__p20,main,vpt,flowers102,vit_s,1.0,102,30,128,0.005,42,46950,21712614,0.2162,99.577,99.577,3393.8,254.3,8.5,226.5,vit_small_patch16_224.augreg_in21k,8,64,20
main__vit_s__lora__flowers102__s42__f100__r8__a64__p20,main,lora,flowers102,vit_s,1.0,102,30,128,0.001,42,186726,21852390,0.8545,99.658,99.577,3507.7,268.8,9.0,214.3,vit_small_patch16_224.augreg_in21k,8,64,20
main__vit_s__adaptformer__flowers102__s42__f100__r8__a64__p20,main,adaptformer,flowers102,vit_s,1.0,102,30,128,0.001,42,634482,22300146,2.8452,99.61,99.593,3385.4,251.5,8.4,229.0,vit_small_patch16_224.augreg_in21k,8,64,20
main__vit_s__lora_ssf__flowers102__s42__f100__r8__a64__p20,main,lora_ssf,flowers102,vit_s,1.0,102,30,128,0.001,42,223590,21889254,1.0215,99.577,99.545,4839.5,297.2,9.9,193.8,vit_small_patch16_224.augreg_in21k,8,64,20
main__vit_s__full_ft__flowers102__s42__f100__r8__a64__p20,main,full_ft,flowers102,vit_s,1.0,102,30,128,0.0001,42,21704934,21704934,100.0,99.415,99.382,4606.3,267.4,8.9,215.4,vit_small_patch16_224.augreg_in21k,8,64,20
main__vit_s__linear_probe__dtd__s42__f100__r8__a64__p20,main,linear_probe,dtd,vit_s,1.0,47,20,128,0.001,42,18095,21683759,0.0834,77.553,77.447,914.4,165.7,8.3,448.1,vit_small_patch16_224.augreg_in21k,8,64,20
main__vit_s__bitfit__dtd__s42__f100__r8__a64__p20,main,bitfit,dtd,vit_s,1.0,47,20,128,0.001,42,69551,21683759,0.3208,78.67,78.298,3123.5,201.8,10.1,367.9,vit_small_patch16_224.augreg_in21k,8,64,20
main__vit_s__ssf__dtd__s42__f100__r8__a64__p20,main,ssf,dtd,vit_s,1.0,47,20,128,0.002,42,54959,21720623,0.253,78.883,78.723,4376.2,232.5,11.6,319.3,vit_small_patch16_224.augreg_in21k,8,64,20
main__vit_s__vpt__dtd__s42__f100__r8__a64__p20,main,vpt,dtd,vit_s,1.0,47,20,128,0.005,42,25775,21691439,0.1188,76.702,76.543,3393.6,207.4,10.4,358.0,vit_small_patch16_224.augreg_in21k,8,64,20
main__vit_s__lora__dtd__s42__f100__r8__a64__p20,main,lora,dtd,vit_s,1.0,47,20,128,0.001,42,165551,21831215,0.7583,79.787,79.574,3508.1,229.8,11.5,323.1,vit_small_patch16_224.augreg_in21k,8,64,20
main__vit_s__adaptformer__dtd__s42__f100__r8__a64__p20,main,adaptformer,dtd,vit_s,1.0,47,20,128,0.001,42,613307,22278971,2.7529,80.266,80.106,3384.3,210.6,10.5,352.6,vit_small_patch16_224.augreg_in21k,8,64,20
main__vit_s__lora_ssf__dtd__s42__f100__r8__a64__p20,main,lora_ssf,dtd,vit_s,1.0,47,20,128,0.001,42,202415,21868079,0.9256,79.521,79.255,4839.3,263.0,13.2,282.2,vit_small_patch16_224.augreg_in21k,8,64,20
main__vit_s__full_ft__dtd__s42__f100__r8__a64__p20,main,full_ft,dtd,vit_s,1.0,47,20,128,0.0001,42,21683759,21683759,100.0,79.255,79.255,4605.7,230.9,11.5,321.5,vit_small_patch16_224.augreg_in21k,8,64,20
main__vit_s__linear_probe__pets__s42__f100__r8__a64__p20,main,linear_probe,pets,vit_s,1.0,37,20,128,0.001,42,14245,21679909,0.0657,93.241,93.186,914.5,171.3,8.6,418.4,vit_small_patch16_224.augreg_in21k,8,64,20
main__vit_s__bitfit__pets__s42__f100__r8__a64__p20,main,bitfit,pets,vit_s,1.0,37,20,128,0.001,42,65701,21679909,0.3031,93.568,93.431,3123.9,213.1,10.7,336.4,vit_small_patch16_224.augreg_in21k,8,64,20
main__vit_s__ssf__pets__s42__f100__r8__a64__p20,main,ssf,pets,vit_s,1.0,37,20,128,0.002,42,51109,21716773,0.2353,93.649,93.459,4375.9,243.6,12.2,294.2,vit_small_patch16_224.augreg_in21k,8,64,20
main__vit_s__vpt__pets__s42__f100__r8__a64__p20,main,vpt,pets,vit_s,1.0,37,20,128,0.005,42,21925,21687589,0.1011,92.832,92.805,3393.6,219.4,11.0,326.7,vit_small_patch16_224.augreg_in21k,8,64,20
main__vit_s__lora__pets__s42__f100__r8__a64__p20,main,lora,pets,vit_s,1.0,37,20,128,0.001,42,161701,21827365,0.7408,93.813,93.731,3507.5,242.8,12.1,295.2,vit_small_patch16_224.augreg_in21k,8,64,20
main__vit_s__adaptformer__pets__s42__f100__r8__a64__p20,main,adaptformer,pets,vit_s,1.0,37,20,128,0.001,42,609457,22275121,2.736,93.622,93.595,3384.2,223.3,11.2,321.0,vit_small_patch16_224.augreg_in21k,8,64,20
main__vit_s__lora_ssf__pets__s42__f100__r8__a64__p20,main,lora_ssf,pets,vit_s,1.0,37,20,128,0.001,42,198565,21864229,0.9082,93.513,93.322,4839.2,280.2,14.0,255.8,vit_small_patch16_224.augreg_in21k,8,64,20
main__vit_s__full_ft__pets__s42__f100__r8__a64__p20,main,full_ft,pets,vit_s,1.0,37,20,128,0.0001,42,21679909,21679909,100.0,92.45,92.396,4607.0,242.1,12.1,296.0,vit_small_patch16_224.augreg_in21k,8,64,20
main__vit_s__linear_probe__cifar100__s42__f100__r8__a64__p20,main,linear_probe,cifar100,vit_s,1.0,100,6,128,0.001,42,38500,21704164,0.1774,85.08,85.08,914.8,255.2,42.5,1173.9,vit_small_patch16_224.augreg_in21k,8,64,20
main__vit_s__bitfit__cifar100__s42__f100__r8__a64__p20,main,bitfit,cifar100,vit_s,1.0,100,6,128,0.001,42,89956,21704164,0.4145,91.2,91.2,3124.8,494.6,82.4,605.6,vit_small_patch16_224.augreg_in21k,8,64,20
main__vit_s__ssf__cifar100__s42__f100__r8__a64__p20,main,ssf,cifar100,vit_s,1.0,100,6,128,0.002,42,75364,21741028,0.3466,91.28,91.28,4376.7,597.3,99.5,501.5,vit_small_patch16_224.augreg_in21k,8,64,20
main__vit_s__vpt__cifar100__s42__f100__r8__a64__p20,main,vpt,cifar100,vit_s,1.0,100,6,128,0.005,42,46180,21711844,0.2127,89.27,89.27,3393.8,508.1,84.7,589.5,vit_small_patch16_224.augreg_in21k,8,64,20
main__vit_s__lora__cifar100__s42__f100__r8__a64__p20,main,lora,cifar100,vit_s,1.0,100,6,128,0.001,42,185956,21851620,0.851,91.33,91.29,3509.7,592.5,98.8,505.5,vit_small_patch16_224.augreg_in21k,8,64,20
main__vit_s__adaptformer__cifar100__s42__f100__r8__a64__p20,main,adaptformer,cifar100,vit_s,1.0,100,6,128,0.001,42,633712,22299376,2.8418,91.44,91.43,3384.7,510.9,85.2,586.2,vit_small_patch16_224.augreg_in21k,8,64,20
main__vit_s__lora_ssf__cifar100__s42__f100__r8__a64__p20,main,lora_ssf,cifar100,vit_s,1.0,100,6,128,0.001,42,222820,21888484,1.018,91.49,91.49,4839.5,725.6,120.9,412.8,vit_small_patch16_224.augreg_in21k,8,64,20
main__vit_s__full_ft__cifar100__s42__f100__r8__a64__p20,main,full_ft,cifar100,vit_s,1.0,100,6,128,0.0001,42,21704164,21704164,100.0,91.43,91.43,4607.3,643.4,107.2,465.5,vit_small_patch16_224.augreg_in21k,8,64,20
main__vit_s__linear_probe__cifar10__s42__f100__r8__a64__p20,main,linear_probe,cifar10,vit_s,1.0,10,3,128,0.001,42,3850,21669514,0.0178,95.74,95.74,914.3,180.5,60.2,829.9,vit_small_patch16_224.augreg_in21k,8,64,20
main__vit_s__bitfit__cifar10__s42__f100__r8__a64__p20,main,bitfit,cifar10,vit_s,1.0,10,3,128,0.001,42,55306,21669514,0.2552,98.43,98.43,3124.2,310.2,103.4,482.8,vit_small_patch16_224.augreg_in21k,8,64,20
main__vit_s__ssf__cifar10__s42__f100__r8__a64__p20,main,ssf,cifar10,vit_s,1.0,10,3,128,0.002,42,40714,21706378,0.1876,98.33,98.33,4376.3,370.5,123.5,404.3,vit_small_patch16_224.augreg_in21k,8,64,20
main__vit_s__vpt__cifar10__s42__f100__r8__a64__p20,main,vpt,cifar10,vit_s,1.0,10,3,128,0.005,42,11530,21677194,0.0532,97.57,97.57,3393.6,324.2,108.1,462.0,vit_small_patch16_224.augreg_in21k,8,64,20
interp__vit_b__linear_probe__pets__s42__f100__r8__a64__p20,interp,linear_probe,pets,vit_b,1.0,37,20,128,0.001,42,28453,85827109,0.0332,92.341,92.123,1751.6,279.0,13.9,257.0,vit_base_patch16_224.augreg_in21k,8,64,20
interp__vit_b__bitfit__pets__s42__f100__r8__a64__p20,interp,bitfit,pets,vit_b,1.0,37,20,128,0.001,42,131365,85827109,0.1531,94.467,94.331,6348.2,441.4,22.1,162.4,vit_base_patch16_224.augreg_in21k,8,64,20
interp__vit_b__ssf__pets__s42__f100__r8__a64__p20,interp,ssf,pets,vit_b,1.0,37,20,128,0.002,42,102181,85900837,0.119,94.44,94.44,8900.3,505.1,25.3,141.9,vit_base_patch16_224.augreg_in21k,8,64,20
interp__vit_b__vpt__pets__s42__f100__r8__a64__p20,interp,vpt,pets,vit_b,1.0,37,20,128,0.005,42,43813,85842469,0.051,93.786,93.677,6873.9,451.0,22.6,158.9,vit_base_patch16_224.augreg_in21k,8,64,20
interp__vit_b__lora__pets__s42__f100__r8__a64__p20,interp,lora,pets,vit_b,1.0,37,20,128,0.001,42,323365,86122021,0.3755,94.876,94.821,7126.7,497.4,24.9,144.1,vit_base_patch16_224.augreg_in21k,8,64,20
interp__vit_b__adaptformer__pets__s42__f100__r8__a64__p20,interp,adaptformer,pets,vit_b,1.0,37,20,128,0.001,42,1218097,87016753,1.3998,95.067,95.012,6830.3,450.6,22.5,159.1,vit_base_patch16_224.augreg_in21k,8,64,20
interp__vit_b__lora_ssf__pets__s42__f100__r8__a64__p20,interp,lora_ssf,pets,vit_b,1.0,37,20,128,0.001,42,397093,86195749,0.4607,94.93,94.74,9800.2,1053.7,52.7,68.0,vit_base_patch16_224.augreg_in21k,8,64,20
interp__vit_b__full_ft__pets__s42__f100__r8__a64__p20,interp,full_ft,pets,vit_b,1.0,37,20,128,0.0001,42,85827109,85827109,100.0,93.84,93.84,9592.8,723.7,36.2,99.1,vit_base_patch16_224.augreg_in21k,8,64,20
fracEff__vit_b__linear_probe__dtd__s42__f5__r8__a64__p20,fracEff,linear_probe,dtd,vit_b,0.05,47,20,128,0.001,42,36143,85834799,0.0421,36.436,36.383,1751.8,141.4,7.1,18.1,vit_base_patch16_224.augreg_in21k,8,64,20
fracEff__vit_b__linear_probe__dtd__s42__f10__r8__a64__p20,fracEff,linear_probe,dtd,vit_b,0.1,47,20,128,0.001,42,36143,85834799,0.0421,54.947,54.681,1751.8,138.8,6.9,36.9,vit_base_patch16_224.augreg_in21k,8,64,20
fracEff__vit_b__linear_probe__dtd__s42__f25__r8__a64__p20,fracEff,linear_probe,dtd,vit_b,0.25,47,20,128,0.001,42,36143,85834799,0.0421,67.713,66.223,1751.8,150.4,7.5,119.1,vit_base_patch16_224.augreg_in21k,8,64,20
fracEff__vit_b__linear_probe__dtd__s42__f50__r8__a64__p20,fracEff,linear_probe,dtd,vit_b,0.5,47,20,128,0.001,42,36143,85834799,0.0421,72.713,72.394,1751.8,182.9,9.1,195.9,vit_base_patch16_224.augreg_in21k,8,64,20
fracEff__vit_b__bitfit__dtd__s42__f5__r8__a64__p20,fracEff,bitfit,dtd,vit_b,0.05,47,20,128,0.001,42,139055,85834799,0.162,39.628,39.628,6348.3,141.1,7.1,18.1,vit_base_patch16_224.augreg_in21k,8,64,20
fracEff__vit_b__bitfit__dtd__s42__f10__r8__a64__p20,fracEff,bitfit,dtd,vit_b,0.1,47,20,128,0.001,42,139055,85834799,0.162,55.904,55.532,6348.6,146.9,7.3,34.9,vit_base_patch16_224.augreg_in21k,8,64,20
fracEff__vit_b__bitfit__dtd__s42__f25__r8__a64__p20,fracEff,bitfit,dtd,vit_b,0.25,47,20,128,0.001,42,139055,85834799,0.162,70.957,70.638,6348.6,194.1,9.7,92.3,vit_base_patch16_224.augreg_in21k,8,64,20
fracEff__vit_b__bitfit__dtd__s42__f50__r8__a64__p20,fracEff,bitfit,dtd,vit_b,0.5,47,20,128,0.001,42,139055,85834799,0.162,76.17,75.638,6348.6,262.2,13.1,136.7,vit_base_patch16_224.augreg_in21k,8,64,20
fracEff__vit_b__lora__dtd__s42__f5__r8__a64__p20,fracEff,lora,dtd,vit_b,0.05,47,20,128,0.001,42,331055,86129711,0.3844,39.309,39.255,7125.4,150.3,7.5,17.0,vit_base_patch16_224.augreg_in21k,8,64,20
fracEff__vit_b__lora__dtd__s42__f10__r8__a64__p20,fracEff,lora,dtd,vit_b,0.1,47,20,128,0.001,42,331055,86129711,0.3844,58.032,57.553,7126.8,158.3,7.9,32.4,vit_base_patch16_224.augreg_in21k,8,64,20
fracEff__vit_b__lora__dtd__s42__f25__r8__a64__p20,fracEff,lora,dtd,vit_b,0.25,47,20,128,0.001,42,331055,86129711,0.3844,72.021,71.755,7126.8,214.7,10.7,83.5,vit_base_patch16_224.augreg_in21k,8,64,20
fracEff__vit_b__lora__dtd__s42__f50__r8__a64__p20,fracEff,lora,dtd,vit_b,0.5,47,20,128,0.001,42,331055,86129711,0.3844,78.191,78.085,7126.8,284.3,14.2,126.1,vit_base_patch16_224.augreg_in21k,8,64,20
fracEff__vit_b__adaptformer__dtd__s42__f5__r8__a64__p20,fracEff,adaptformer,dtd,vit_b,0.05,47,20,128,0.001,42,1225787,87024443,1.4086,43.457,43.457,6829.2,147.3,7.4,17.4,vit_base_patch16_224.augreg_in21k,8,64,20
fracEff__vit_b__adaptformer__dtd__s42__f10__r8__a64__p20,fracEff,adaptformer,dtd,vit_b,0.1,47,20,128,0.001,42,1225787,87024443,1.4086,58.404,57.819,6829.2,150.7,7.5,34.0,vit_base_patch16_224.augreg_in21k,8,64,20
fracEff__vit_b__adaptformer__dtd__s42__f25__r8__a64__p20,fracEff,adaptformer,dtd,vit_b,0.25,47,20,128,0.001,42,1225787,87024443,1.4086,73.032,72.979,6829.2,200.5,10.0,89.4,vit_base_patch16_224.augreg_in21k,8,64,20
fracEff__vit_b__adaptformer__dtd__s42__f50__r8__a64__p20,fracEff,adaptformer,dtd,vit_b,0.5,47,20,128,0.001,42,1225787,87024443,1.4086,78.138,77.979,6829.2,268.6,13.4,133.5,vit_base_patch16_224.augreg_in21k,8,64,20
fracEff__vit_b__lora_ssf__dtd__s42__f5__r8__a64__p20,fracEff,lora_ssf,dtd,vit_b,0.05,47,20,128,0.001,42,404783,86203439,0.4696,42.287,42.234,9798.5,195.9,9.8,13.1,vit_base_patch16_224.augreg_in21k,8,64,20
fracEff__vit_b__lora_ssf__dtd__s42__f10__r8__a64__p20,fracEff,lora_ssf,dtd,vit_b,0.1,47,20,128,0.001,42,404783,86203439,0.4696,58.138,57.234,9798.5,196.1,9.8,26.1,vit_base_patch16_224.augreg_in21k,8,64,20
fracEff__vit_b__lora_ssf__dtd__s42__f25__r8__a64__p20,fracEff,lora_ssf,dtd,vit_b,0.25,47,20,128,0.001,42,404783,86203439,0.4696,72.234,72.074,9798.5,242.8,12.1,73.8,vit_base_patch16_224.augreg_in21k,8,64,20
fracEff__vit_b__lora_ssf__dtd__s42__f50__r8__a64__p20,fracEff,lora_ssf,dtd,vit_b,0.5,47,20,128,0.001,42,404783,86203439,0.4696,78.298,78.298,9798.5,341.2,17.1,105.0,vit_base_patch16_224.augreg_in21k,8,64,20
fracEff__vit_b__linear_probe__cifar100__s42__f5__r8__a64__p20,fracEff,linear_probe,cifar100,vit_b,0.05,100,6,128,0.001,42,76900,85875556,0.0895,78.65,78.62,1752.4,175.3,29.2,83.3,vit_base_patch16_224.augreg_in21k,8,64,20
fracEff__vit_b__linear_probe__cifar100__s42__f10__r8__a64__p20,fracEff,linear_probe,cifar100,vit_b,0.1,100,6,128,0.001,42,76900,85875556,0.0895,82.36,82.36,1752.4,196.3,32.7,152.6,vit_base_patch16_224.augreg_in21k,8,64,20
fracEff__vit_b__linear_probe__cifar100__s42__f25__r8__a64__p20,fracEff,linear_probe,cifar100,vit_b,0.25,100,6,128,0.001,42,76900,85875556,0.0895,85.73,85.73,1752.4,256.1,42.7,290.9,vit_base_patch16_224.augreg_in21k,8,64,20
fracEff__vit_b__linear_probe__cifar100__s42__f50__r8__a64__p20,fracEff,linear_probe,cifar100,vit_b,0.5,100,6,128,0.001,42,76900,85875556,0.0895,87.46,87.41,1752.4,367.1,61.2,408.0,vit_base_patch16_224.augreg_in21k,8,64,20
fracEff__vit_b__bitfit__cifar100__s42__f5__r8__a64__p20,fracEff,bitfit,cifar100,vit_b,0.05,100,6,128,0.001,42,179812,85875556,0.2094,88.39,88.39,6349.2,209.1,34.9,69.8,vit_base_patch16_224.augreg_in21k,8,64,20
fracEff__vit_b__bitfit__cifar100__s42__f10__r8__a64__p20,fracEff,bitfit,cifar100,vit_b,0.1,100,6,128,0.001,42,179812,85875556,0.2094,90.43,90.43,6349.2,262.4,43.7,114.1,vit_base_patch16_224.augreg_in21k,8,64,20
fracEff__vit_b__bitfit__cifar100__s42__f25__r8__a64__p20,fracEff,bitfit,cifar100,vit_b,0.25,100,6,128,0.001,42,179812,85875556,0.2094,91.99,91.99,6349.2,434.7,72.5,171.4,vit_base_patch16_224.augreg_in21k,8,64,20
fracEff__vit_b__bitfit__cifar100__s42__f50__r8__a64__p20,fracEff,bitfit,cifar100,vit_b,0.5,100,6,128,0.001,42,179812,85875556,0.2094,92.7,92.7,6349.2,722.9,120.5,207.2,vit_base_patch16_224.augreg_in21k,8,64,20
fracEff__vit_b__lora__cifar100__s42__f5__r8__a64__p20,fracEff,lora,cifar100,vit_b,0.05,100,6,128,0.001,42,371812,86170468,0.4315,88.11,88.06,7127.4,237.4,39.6,61.5,vit_base_patch16_224.augreg_in21k,8,64,20
fracEff__vit_b__lora__cifar100__s42__f10__r8__a64__p20,fracEff,lora,cifar100,vit_b,0.1,100,6,128,0.001,42,371812,86170468,0.4315,90.77,90.68,7127.4,300.2,50.0,99.8,vit_base_patch16_224.augreg_in21k,8,64,20
fracEff__vit_b__lora__cifar100__s42__f25__r8__a64__p20,fracEff,lora,cifar100,vit_b,0.25,100,6,128,0.001,42,371812,86170468,0.4315,92.04,92.04,7127.4,468.4,78.1,159.0,vit_base_patch16_224.augreg_in21k,8,64,20
fracEff__vit_b__lora__cifar100__s42__f50__r8__a64__p20,fracEff,lora,cifar100,vit_b,0.5,100,6,128,0.001,42,371812,86170468,0.4315,92.77,92.77,7127.4,796.1,132.7,188.1,vit_base_patch16_224.augreg_in21k,8,64,20
fracEff__vit_b__adaptformer__cifar100__s42__f5__r8__a64__p20,fracEff,adaptformer,cifar100,vit_b,0.05,100,6,128,0.001,42,1266544,87065200,1.4547,88.46,88.46,6830.3,218.3,36.4,66.9,vit_base_patch16_224.augreg_in21k,8,64,20
fracEff__vit_b__adaptformer__cifar100__s42__f10__r8__a64__p20,fracEff,adaptformer,cifar100,vit_b,0.1,100,6,128,0.001,42,1266544,87065200,1.4547,90.7,90.7,6830.3,271.2,45.2,110.5,vit_base_patch16_224.augreg_in21k,8,64,20
fracEff__vit_b__adaptformer__cifar100__s42__f25__r8__a64__p20,fracEff,adaptformer,cifar100,vit_b,0.25,100,6,128,0.001,42,1266544,87065200,1.4547,92.07,92.07,6830.3,433.8,72.3,171.7,vit_base_patch16_224.augreg_in21k,8,64,20
fracEff__vit_b__adaptformer__cifar100__s42__f50__r8__a64__p20,fracEff,adaptformer,cifar100,vit_b,0.5,100,6,128,0.001,42,1266544,87065200,1.4547,92.87,92.87,6830.3,726.6,121.1,206.1,vit_base_patch16_224.augreg_in21k,8,64,20
fracEff__vit_b__lora_ssf__cifar100__s42__f5__r8__a64__p20,fracEff,lora_ssf,cifar100,vit_b,0.05,100,6,128,0.001,42,445540,86244196,0.5166,88.76,88.76,9798.5,515.3,85.9,28.3,vit_base_patch16_224.augreg_in21k,8,64,20
fracEff__vit_b__lora_ssf__cifar100__s42__f10__r8__a64__p20,fracEff,lora_ssf,cifar100,vit_b,0.1,100,6,128,0.001,42,445540,86244196,0.5166,90.84,90.84,9798.5,376.7,62.8,79.5,vit_base_patch16_224.augreg_in21k,8,64,20
fracEff__vit_b__lora_ssf__cifar100__s42__f25__r8__a64__p20,fracEff,lora_ssf,cifar100,vit_b,0.25,100,6,128,0.001,42,445540,86244196,0.5166,92.3,92.3,9798.5,1504.8,250.8,49.5,vit_base_patch16_224.augreg_in21k,8,64,20
fracEff__vit_b__lora_ssf__cifar100__s42__f50__r8__a64__p20,fracEff,lora_ssf,cifar100,vit_b,0.5,100,6,128,0.001,42,445540,86244196,0.5166,93.05,93.03,9798.5,26352.5,4392.1,5.7,vit_base_patch16_224.augreg_in21k,8,64,20
abl_loraAlpha_a4__vit_b__lora__dtd__s42__f100__r8__a64__p20,abl_loraAlpha_a4,lora,dtd,vit_b,1.0,47,20,128,0.001,42,331055,86129711,0.3844,80.904,80.798,7126.8,475.2,23.8,156.2,vit_base_patch16_224.augreg_in21k,8,64,20
abl_loraAlpha_a8__vit_b__lora__dtd__s42__f100__r8__a64__p20,abl_loraAlpha_a8,lora,dtd,vit_b,1.0,47,20,128,0.001,42,331055,86129711,0.3844,81.649,81.596,7126.8,386.3,19.3,192.2,vit_base_patch16_224.augreg_in21k,8,64,20
abl_loraAlpha_a16__vit_b__lora__dtd__s42__f100__r8__a64__p20,abl_loraAlpha_a16,lora,dtd,vit_b,1.0,47,20,128,0.001,42,331055,86129711,0.3844,82.287,82.287,7126.7,44112.6,2205.6,1.7,vit_base_patch16_224.augreg_in21k,8,64,20
abl_loraAlpha_a32__vit_b__lora__dtd__s42__f100__r8__a64__p20,abl_loraAlpha_a32,lora,dtd,vit_b,1.0,47,20,128,0.001,42,331055,86129711,0.3844,83.032,83.032,7126.8,703.0,35.2,105.6,vit_base_patch16_224.augreg_in21k,8,64,20
abl_adapterDim__vit_b__adaptformer__dtd__s42__f100__r8__a8__p20,abl_adapterDim,adaptformer,dtd,vit_b,1.0,47,20,128,0.001,42,192923,85991579,0.2244,81.33,81.33,6750.8,660.4,33.0,112.4,vit_base_patch16_224.augreg_in21k,8,8,20
abl_adapterDim__vit_b__adaptformer__dtd__s42__f100__r8__a16__p20,abl_adapterDim,adaptformer,dtd,vit_b,1.0,47,20,128,0.001,42,340475,86139131,0.3953,82.074,81.915,6762.0,598.3,29.9,124.1,vit_base_patch16_224.augreg_in21k,8,16,20
abl_adapterDim__vit_b__adaptformer__dtd__s42__f100__r8__a32__p20,abl_adapterDim,adaptformer,dtd,vit_b,1.0,47,20,128,0.001,42,635579,86434235,0.7353,82.926,82.926,6785.6,389.3,19.5,190.7,vit_base_patch16_224.augreg_in21k,8,32,20
abl_adapterDim__vit_b__adaptformer__dtd__s42__f100__r8__a64__p20,abl_adapterDim,adaptformer,dtd,vit_b,1.0,47,20,128,0.001,42,1225787,87024443,1.4086,83.138,82.766,6831.0,368.7,18.4,201.3,vit_base_patch16_224.augreg_in21k,8,64,20
abl_adapterDim__vit_b__adaptformer__dtd__s42__f100__r8__a128__p20,abl_adapterDim,adaptformer,dtd,vit_b,1.0,47,20,128,0.001,42,2406203,88204859,2.728,84.043,83.883,6918.9,366.5,18.3,202.5,vit_base_patch16_224.augreg_in21k,8,128,20
abl_adapterDim__vit_b__adaptformer__dtd__s42__f100__r8__a256__p20,abl_adapterDim,adaptformer,dtd,vit_b,1.0,47,20,128,0.001,42,4767035,90565691,5.2636,83.67,83.351,7097.0,374.2,18.7,198.4,vit_base_patch16_224.augreg_in21k,8,256,20
abl_vptPrompts__vit_b__vpt__dtd__s42__f100__r8__a64__p1,abl_vptPrompts,vpt,dtd,vit_b,1.0,47,20,128,0.005,42,36911,85835567,0.043,74.415,74.255,6340.4,345.2,17.3,215.1,vit_base_patch16_224.augreg_in21k,8,64,1
abl_vptPrompts__vit_b__vpt__dtd__s42__f100__r8__a64__p5,abl_vptPrompts,vpt,dtd,vit_b,1.0,47,20,128,0.005,42,39983,85838639,0.0466,78.564,78.404,6466.8,348.9,17.4,212.8,vit_base_patch16_224.augreg_in21k,8,64,5
abl_vptPrompts__vit_b__vpt__dtd__s42__f100__r8__a64__p10,abl_vptPrompts,vpt,dtd,vit_b,1.0,47,20,128,0.005,42,43823,85842479,0.0511,79.362,79.255,6611.7,354.2,17.7,209.6,vit_base_patch16_224.augreg_in21k,8,64,10
abl_vptPrompts__vit_b__vpt__dtd__s42__f100__r8__a64__p20,abl_vptPrompts,vpt,dtd,vit_b,1.0,47,20,128,0.005,42,51503,85850159,0.06,79.787,79.255,6874.0,363.7,18.2,204.1,vit_base_patch16_224.augreg_in21k,8,64,20
abl_vptPrompts__vit_b__vpt__dtd__s42__f100__r8__a64__p50,abl_vptPrompts,vpt,dtd,vit_b,1.0,47,20,128,0.005,42,74543,85873199,0.0868,78.989,78.936,7768.8,397.3,19.9,186.9,vit_base_patch16_224.augreg_in21k,8,64,50
abl_vptPrompts__vit_b__vpt__dtd__s42__f100__r8__a64__p100,abl_vptPrompts,vpt,dtd,vit_b,1.0,47,20,128,0.005,42,112943,85911599,0.1315,79.362,78.883,9204.6,863.4,43.2,86.0,vit_base_patch16_224.augreg_in21k,8,64,100
abl_lr_lora_0.0001__vit_b__lora__dtd__s42__f100__r8__a64__p20,abl_lr_lora_0.0001,lora,dtd,vit_b,1.0,47,20,128,0.0001,42,331055,86129711,0.3844,76.968,76.968,7126.8,400.4,20.0,185.4,vit_base_patch16_224.augreg_in21k,8,64,20
abl_lr_lora_0.0003__vit_b__lora__dtd__s42__f100__r8__a64__p20,abl_lr_lora_0.0003,lora,dtd,vit_b,1.0,47,20,128,0.0003,42,331055,86129711,0.3844,80.319,80.0,7126.8,399.7,20.0,185.7,vit_base_patch16_224.augreg_in21k,8,64,20
abl_lr_lora_0.001__vit_b__lora__dtd__s42__f100__r8__a64__p20,abl_lr_lora_0.001,lora,dtd,vit_b,1.0,47,20,128,0.001,42,331055,86129711,0.3844,81.489,81.436,7126.8,399.9,20.0,185.6,vit_base_patch16_224.augreg_in21k,8,64,20
abl_lr_lora_0.003__vit_b__lora__dtd__s42__f100__r8__a64__p20,abl_lr_lora_0.003,lora,dtd,vit_b,1.0,47,20,128,0.003,42,331055,86129711,0.3844,82.606,82.606,7126.8,400.2,20.0,185.5,vit_base_patch16_224.augreg_in21k,8,64,20
abl_lr_ssf_0.0001__vit_b__ssf__dtd__s42__f100__r8__a64__p20,abl_lr_ssf_0.0001,ssf,dtd,vit_b,1.0,47,20,128,0.0001,42,109871,85908527,0.1279,73.936,73.883,8899.0,400.6,20.0,185.3,vit_base_patch16_224.augreg_in21k,8,64,20
abl_lr_ssf_0.0003__vit_b__ssf__dtd__s42__f100__r8__a64__p20,abl_lr_ssf_0.0003,ssf,dtd,vit_b,1.0,47,20,128,0.0003,42,109871,85908527,0.1279,78.404,78.298,8899.0,401.2,20.1,185.0,vit_base_patch16_224.augreg_in21k,8,64,20
abl_lr_ssf_0.001__vit_b__ssf__dtd__s42__f100__r8__a64__p20,abl_lr_ssf_0.001,ssf,dtd,vit_b,1.0,47,20,128,0.001,42,109871,85908527,0.1279,80.053,79.84,8899.0,400.5,20.0,185.4,vit_base_patch16_224.augreg_in21k,8,64,20
abl_lr_ssf_0.003__vit_b__ssf__dtd__s42__f100__r8__a64__p20,abl_lr_ssf_0.003,ssf,dtd,vit_b,1.0,47,20,128,0.003,42,109871,85908527,0.1279,81.702,81.277,8899.0,402.1,20.1,184.6,vit_base_patch16_224.augreg_in21k,8,64,20
abl_lr_full_ft_0.0001__vit_b__full_ft__dtd__s42__f100__r8__a64__p20,abl_lr_full_ft_0.0001,full_ft,dtd,vit_b,1.0,47,20,128,0.0001,42,85834799,85834799,100.0,81.862,81.862,9593.7,429.9,21.5,172.7,vit_base_patch16_224.augreg_in21k,8,64,20
abl_lr_full_ft_0.0003__vit_b__full_ft__dtd__s42__f100__r8__a64__p20,abl_lr_full_ft_0.0003,full_ft,dtd,vit_b,1.0,47,20,128,0.0003,42,85834799,85834799,100.0,76.011,75.904,9594.1,427.4,21.4,173.7,vit_base_patch16_224.augreg_in21k,8,64,20
abl_lr_full_ft_0.001__vit_b__full_ft__dtd__s42__f100__r8__a64__p20,abl_lr_full_ft_0.001,full_ft,dtd,vit_b,1.0,47,20,128,0.001,42,85834799,85834799,100.0,60.106,60.106,9593.7,429.2,21.5,173.0,vit_base_patch16_224.augreg_in21k,8,64,20
abl_lr_full_ft_0.003__vit_b__full_ft__dtd__s42__f100__r8__a64__p20,abl_lr_full_ft_0.003,full_ft,dtd,vit_b,1.0,47,20,128,0.003,42,85834799,85834799,100.0,15.798,15.638,9593.7,428.6,21.4,173.2,vit_base_patch16_224.augreg_in21k,8,64,20
main__vit_s__lora__cifar10__s42__f100__r8__a64__p20,main,lora,cifar10,vit_s,1.0,10,3,128,0.001,42,151306,21816970,0.6935,98.62,98.62,3509.1,314.6,104.9,476.1,vit_small_patch16_224.augreg_in21k,8,64,20
main__vit_s__adaptformer__cifar10__s42__f100__r8__a64__p20,main,adaptformer,cifar10,vit_s,1.0,10,3,128,0.001,42,599062,22264726,2.6906,98.53,98.53,3384.2,281.4,93.8,532.2,vit_small_patch16_224.augreg_in21k,8,64,20
main__vit_s__lora_ssf__cifar10__s42__f100__r8__a64__p20,main,lora_ssf,cifar10,vit_s,1.0,10,3,128,0.001,42,188170,21853834,0.861,98.46,98.46,4839.1,377.1,125.7,397.2,vit_small_patch16_224.augreg_in21k,8,64,20
main__vit_s__full_ft__cifar10__s42__f100__r8__a64__p20,main,full_ft,cifar10,vit_s,1.0,10,3,128,0.0001,42,21669514,21669514,100.0,98.34,98.34,4605.8,311.7,103.9,480.4,vit_small_patch16_224.augreg_in21k,8,64,20
main__vit_s__linear_probe__svhn__s42__f100__r8__a64__p20,main,linear_probe,svhn,vit_s,1.0,10,2,128,0.001,42,3850,21669514,0.0178,57.691,57.691,914.3,170.6,85.3,858.5,vit_small_patch16_224.augreg_in21k,8,64,20
main__vit_s__bitfit__svhn__s42__f100__r8__a64__p20,main,bitfit,svhn,vit_s,1.0,10,2,128,0.001,42,55306,21669514,0.2552,93.642,93.642,3123.4,276.0,138.0,530.6,vit_small_patch16_224.augreg_in21k,8,64,20
main__vit_s__ssf__svhn__s42__f100__r8__a64__p20,main,ssf,svhn,vit_s,1.0,10,2,128,0.002,42,40714,21706378,0.1876,94.814,94.814,4375.4,325.6,162.8,449.7,vit_small_patch16_224.augreg_in21k,8,64,20
main__vit_s__vpt__svhn__s42__f100__r8__a64__p20,main,vpt,svhn,vit_s,1.0,10,2,128,0.005,42,11530,21677194,0.0532,88.614,88.614,3393.6,281.7,140.9,519.8,vit_small_patch16_224.augreg_in21k,8,64,20
main__vit_s__lora__svhn__s42__f100__r8__a64__p20,main,lora,svhn,vit_s,1.0,10,2,128,0.001,42,151306,21816970,0.6935,95.379,95.379,3507.4,323.9,162.0,452.0,vit_small_patch16_224.augreg_in21k,8,64,20
main__vit_s__adaptformer__svhn__s42__f100__r8__a64__p20,main,adaptformer,svhn,vit_s,1.0,10,2,128,0.001,42,599062,22264726,2.6906,95.913,95.913,3384.1,286.1,143.0,511.9,vit_small_patch16_224.augreg_in21k,8,64,20
main__vit_s__lora_ssf__svhn__s42__f100__r8__a64__p20,main,lora_ssf,svhn,vit_s,1.0,10,2,128,0.001,42,188170,21853834,0.861,95.559,95.559,4839.1,387.0,193.5,378.4,vit_small_patch16_224.augreg_in21k,8,64,20
main__vit_s__full_ft__svhn__s42__f100__r8__a64__p20,main,full_ft,svhn,vit_s,1.0,10,2,128,0.0001,42,21669514,21669514,100.0,97.104,97.104,4606.8,316.8,158.4,462.2,vit_small_patch16_224.augreg_in21k,8,64,20
main__vit_s__linear_probe__eurosat__s42__f100__r8__a64__p20,main,linear_probe,eurosat,vit_s,1.0,10,5,128,0.001,42,3850,21669514,0.0178,95.704,95.704,914.2,153.5,30.7,700.4,vit_small_patch16_224.augreg_in21k,8,64,20
main__vit_s__bitfit__eurosat__s42__f100__r8__a64__p20,main,bitfit,eurosat,vit_s,1.0,10,5,128,0.001,42,55306,21669514,0.2552,98.5,98.5,3124.2,211.1,42.2,509.2,vit_small_patch16_224.augreg_in21k,8,64,20
main__vit_s__ssf__eurosat__s42__f100__r8__a64__p20,main,ssf,eurosat,vit_s,1.0,10,5,128,0.002,42,40714,21706378,0.1876,98.574,98.481,4376.1,244.8,49.0,439.1,vit_small_patch16_224.augreg_in21k,8,64,20
main__vit_s__vpt__eurosat__s42__f100__r8__a64__p20,main,vpt,eurosat,vit_s,1.0,10,5,128,0.005,42,11530,21677194,0.0532,97.315,97.315,3393.6,217.7,43.5,493.8,vit_small_patch16_224.augreg_in21k,8,64,20
main__vit_s__lora__eurosat__s42__f100__r8__a64__p20,main,lora,eurosat,vit_s,1.0,10,5,128,0.001,42,151306,21816970,0.6935,98.648,98.648,3507.4,245.7,49.1,437.6,vit_small_patch16_224.augreg_in21k,8,64,20
main__vit_s__adaptformer__eurosat__s42__f100__r8__a64__p20,main,adaptformer,eurosat,vit_s,1.0,10,5,128,0.001,42,599062,22264726,2.6906,98.759,98.759,3384.2,223.1,44.6,482.0,vit_small_patch16_224.augreg_in21k,8,64,20
main__vit_s__lora_ssf__eurosat__s42__f100__r8__a64__p20,main,lora_ssf,eurosat,vit_s,1.0,10,5,128,0.001,42,188170,21853834,0.861,98.944,98.944,4838.9,292.5,58.5,367.6,vit_small_patch16_224.augreg_in21k,8,64,20
main__vit_s__full_ft__eurosat__s42__f100__r8__a64__p20,main,full_ft,eurosat,vit_s,1.0,10,5,128,0.0001,42,21669514,21669514,100.0,98.87,98.87,4605.8,248.9,49.8,432.0,vit_small_patch16_224.augreg_in21k,8,64,20
main__vit_s__linear_probe__gtsrb__s42__f100__r8__a64__p20,main,linear_probe,gtsrb,vit_s,1.0,43,3,128,0.001,42,16555,21682219,0.0764,68.511,68.511,914.4,153.8,51.3,519.2,vit_small_patch16_224.augreg_in21k,8,64,20
main__vit_s__bitfit__gtsrb__s42__f100__r8__a64__p20,main,bitfit,gtsrb,vit_s,1.0,43,3,128,0.001,42,68011,21682219,0.3137,94.711,94.711,3123.5,179.9,60.0,444.1,vit_small_patch16_224.augreg_in21k,8,64,20
main__vit_s__ssf__gtsrb__s42__f100__r8__a64__p20,main,ssf,gtsrb,vit_s,1.0,43,3,128,0.002,42,53419,21719083,0.246,95.653,95.653,4375.5,207.1,69.0,385.7,vit_small_patch16_224.augreg_in21k,8,64,20
main__vit_s__vpt__gtsrb__s42__f100__r8__a64__p20,main,vpt,gtsrb,vit_s,1.0,43,3,128,0.005,42,24235,21689899,0.1117,88.876,88.876,3393.6,188.4,62.8,424.0,vit_small_patch16_224.augreg_in21k,8,64,20
main__vit_s__lora__gtsrb__s42__f100__r8__a64__p20,main,lora,gtsrb,vit_s,1.0,43,3,128,0.001,42,164011,21829675,0.7513,95.582,95.582,3507.5,207.2,69.1,385.5,vit_small_patch16_224.augreg_in21k,8,64,20
main__vit_s__adaptformer__gtsrb__s42__f100__r8__a64__p20,main,adaptformer,gtsrb,vit_s,1.0,43,3,128,0.001,42,611767,22277431,2.7461,96.603,96.603,3384.3,188.7,62.9,423.3,vit_small_patch16_224.augreg_in21k,8,64,20
main__vit_s__lora_ssf__gtsrb__s42__f100__r8__a64__p20,main,lora_ssf,gtsrb,vit_s,1.0,43,3,128,0.001,42,200875,21866539,0.9186,96.002,96.002,4839.3,245.6,81.9,325.2,vit_small_patch16_224.augreg_in21k,8,64,20
main__vit_s__full_ft__gtsrb__s42__f100__r8__a64__p20,main,full_ft,gtsrb,vit_s,1.0,43,3,128,0.0001,42,21682219,21682219,100.0,97.078,97.078,4605.7,205.4,68.5,388.8,vit_small_patch16_224.augreg_in21k,8,64,20
main__vit_b__linear_probe__flowers102__s123__f100__r8__a64__p20,main,linear_probe,flowers102,vit_b,1.0,102,30,128,0.001,123,78438,85877094,0.0913,99.512,99.512,1752.4,296.4,9.9,194.3,vit_base_patch16_224.augreg_in21k,8,64,20
main__vit_b__bitfit__flowers102__s123__f100__r8__a64__p20,main,bitfit,flowers102,vit_b,1.0,102,30,128,0.001,123,181350,85877094,0.2112,99.593,99.577,6348.4,392.8,13.1,146.7,vit_base_patch16_224.augreg_in21k,8,64,20
main__vit_b__ssf__flowers102__s123__f100__r8__a64__p20,main,ssf,flowers102,vit_b,1.0,102,30,128,0.002,123,152166,85950822,0.177,99.642,99.642,8899.5,446.1,14.9,129.1,vit_base_patch16_224.augreg_in21k,8,64,20
main__vit_b__vpt__flowers102__s123__f100__r8__a64__p20,main,vpt,flowers102,vit_b,1.0,102,30,128,0.005,123,93798,85892454,0.1092,99.593,99.593,6875.0,413.4,13.8,139.3,vit_base_patch16_224.augreg_in21k,8,64,20
main__vit_b__lora__flowers102__s123__f100__r8__a64__p20,main,lora,flowers102,vit_b,1.0,102,30,128,0.001,123,373350,86172006,0.4333,99.658,99.642,7127.4,447.0,14.9,128.9,vit_base_patch16_224.augreg_in21k,8,64,20
main__vit_b__adaptformer__flowers102__s123__f100__r8__a64__p20,main,adaptformer,flowers102,vit_b,1.0,102,30,128,0.001,123,1268082,87066738,1.4564,99.626,99.626,6830.3,409.4,13.6,140.7,vit_base_patch16_224.augreg_in21k,8,64,20
main__vit_b__lora_ssf__flowers102__s123__f100__r8__a64__p20,main,lora_ssf,flowers102,vit_b,1.0,102,30,128,0.001,123,447078,86245734,0.5184,99.658,99.626,9799.2,512.6,17.1,112.4,vit_base_patch16_224.augreg_in21k,8,64,20
main__vit_b__full_ft__flowers102__s123__f100__r8__a64__p20,main,full_ft,flowers102,vit_b,1.0,102,30,128,0.0001,123,85877094,85877094,100.0,99.626,99.593,9593.2,454.1,15.1,126.8,vit_base_patch16_224.augreg_in21k,8,64,20
main__vit_b__linear_probe__dtd__s123__f100__r8__a64__p20,main,linear_probe,dtd,vit_b,1.0,47,20,128,0.001,123,36143,85834799,0.0421,78.085,77.926,1751.8,226.1,11.3,328.3,vit_base_patch16_224.augreg_in21k,8,64,20
main__vit_b__bitfit__dtd__s123__f100__r8__a64__p20,main,bitfit,dtd,vit_b,1.0,47,20,128,0.001,123,139055,85834799,0.162,81.064,81.064,6348.6,352.9,17.6,210.4,vit_base_patch16_224.augreg_in21k,8,64,20
main__vit_b__ssf__dtd__s123__f100__r8__a64__p20,main,ssf,dtd,vit_b,1.0,47,20,128,0.002,123,109871,85908527,0.1279,81.277,80.904,8899.0,402.8,20.1,184.3,vit_base_patch16_224.augreg_in21k,8,64,20
main__vit_b__vpt__dtd__s123__f100__r8__a64__p20,main,vpt,dtd,vit_b,1.0,47,20,128,0.005,123,51503,85850159,0.06,79.521,79.521,6874.0,367.2,18.4,202.2,vit_base_patch16_224.augreg_in21k,8,64,20
main__vit_b__lora__dtd__s123__f100__r8__a64__p20,main,lora,dtd,vit_b,1.0,47,20,128,0.001,123,331055,86129711,0.3844,82.394,82.394,7126.8,399.9,20.0,185.6,vit_base_patch16_224.augreg_in21k,8,64,20
main__vit_b__adaptformer__dtd__s123__f100__r8__a64__p20,main,adaptformer,dtd,vit_b,1.0,47,20,128,0.001,123,1225787,87024443,1.4086,83.404,83.245,6831.0,365.8,18.3,203.0,vit_base_patch16_224.augreg_in21k,8,64,20
main__vit_b__lora_ssf__dtd__s123__f100__r8__a64__p20,main,lora_ssf,dtd,vit_b,1.0,47,20,128,0.001,123,404783,86203439,0.4696,82.5,82.287,9797.7,463.8,23.2,160.1,vit_base_patch16_224.augreg_in21k,8,64,20
main__vit_b__full_ft__dtd__s123__f100__r8__a64__p20,main,full_ft,dtd,vit_b,1.0,47,20,128,0.0001,123,85834799,85834799,100.0,80.957,80.957,9593.7,429.7,21.5,172.8,vit_base_patch16_224.augreg_in21k,8,64,20
main__vit_b__linear_probe__pets__s123__f100__r8__a64__p20,main,linear_probe,pets,vit_b,1.0,37,20,128,0.001,123,28453,85827109,0.0332,92.614,92.587,1751.6,249.0,12.4,287.9,vit_base_patch16_224.augreg_in21k,8,64,20
main__vit_b__bitfit__pets__s123__f100__r8__a64__p20,main,bitfit,pets,vit_b,1.0,37,20,128,0.001,123,131365,85827109,0.1531,94.685,94.44,6348.2,372.2,18.6,192.6,vit_base_patch16_224.augreg_in21k,8,64,20
main__vit_b__ssf__pets__s123__f100__r8__a64__p20,main,ssf,pets,vit_b,1.0,37,20,128,0.002,123,102181,85900837,0.119,94.603,94.413,8900.3,8526.3,426.3,8.4,vit_base_patch16_224.augreg_in21k,8,64,20
main__vit_b__vpt__pets__s123__f100__r8__a64__p20,main,vpt,pets,vit_b,1.0,37,20,128,0.005,123,43813,85842469,0.051,93.786,93.759,6873.4,678.6,33.9,105.6,vit_base_patch16_224.augreg_in21k,8,64,20
main__vit_b__lora__pets__s123__f100__r8__a64__p20,main,lora,pets,vit_b,1.0,37,20,128,0.001,123,323365,86122021,0.3755,94.958,94.876,7126.6,424.0,21.2,169.0,vit_base_patch16_224.augreg_in21k,8,64,20
main__vit_b__adaptformer__pets__s123__f100__r8__a64__p20,main,adaptformer,pets,vit_b,1.0,37,20,128,0.001,123,1218097,87016753,1.3998,95.339,95.23,6830.3,59263.1,2963.2,1.2,vit_base_patch16_224.augreg_in21k,8,64,20
main__vit_b__lora_ssf__pets__s123__f100__r8__a64__p20,main,lora_ssf,pets,vit_b,1.0,37,20,128,0.001,123,397093,86195749,0.4607,94.876,94.876,9800.4,1493.3,74.7,48.0,vit_base_patch16_224.augreg_in21k,8,64,20
main__vit_b__full_ft__pets__s123__f100__r8__a64__p20,main,full_ft,pets,vit_b,1.0,37,20,128,0.0001,123,85827109,85827109,100.0,94.086,94.086,9592.8,905.7,45.3,79.1,vit_base_patch16_224.augreg_in21k,8,64,20
main__vit_b__linear_probe__cifar100__s123__f100__r8__a64__p20,main,linear_probe,cifar100,vit_b,1.0,100,6,128,0.001,123,76900,85875556,0.0895,88.61,88.61,1752.4,1024.3,170.7,292.4,vit_base_patch16_224.augreg_in21k,8,64,20
main__vit_b__bitfit__cifar100__s123__f100__r8__a64__p20,main,bitfit,cifar100,vit_b,1.0,100,6,128,0.001,123,179812,85875556,0.2094,93.54,93.54,6349.2,2177.6,362.9,137.5,vit_base_patch16_224.augreg_in21k,8,64,20
main__vit_b__ssf__cifar100__s123__f100__r8__a64__p20,main,ssf,cifar100,vit_b,1.0,100,6,128,0.002,123,150628,85949284,0.1753,93.73,93.67,8899.5,2455.0,409.2,122.0,vit_base_patch16_224.augreg_in21k,8,64,20
main__vit_b__vpt__cifar100__s123__f100__r8__a64__p20,main,vpt,cifar100,vit_b,1.0,100,6,128,0.005,123,92260,85890916,0.1074,91.8,91.8,6874.8,2260.4,376.7,132.5,vit_base_patch16_224.augreg_in21k,8,64,20
main__vit_b__lora__cifar100__s123__f100__r8__a64__p20,main,lora,cifar100,vit_b,1.0,100,6,128,0.001,123,371812,86170468,0.4315,93.59,93.59,7127.4,2476.4,412.7,120.9,vit_base_patch16_224.augreg_in21k,8,64,20
main__vit_b__adaptformer__cifar100__s123__f100__r8__a64__p20,main,adaptformer,cifar100,vit_b,1.0,100,6,128,0.001,123,1266544,87065200,1.4547,93.76,93.74,6830.3,2196.7,366.1,136.3,vit_base_patch16_224.augreg_in21k,8,64,20
main__vit_b__lora_ssf__cifar100__s123__f100__r8__a64__p20,main,lora_ssf,cifar100,vit_b,1.0,100,6,128,0.001,123,445540,86244196,0.5166,93.78,93.78,9798.5,3421.5,570.3,87.5,vit_base_patch16_224.augreg_in21k,8,64,20
main__vit_b__full_ft__cifar100__s123__f100__r8__a64__p20,main,full_ft,cifar100,vit_b,1.0,100,6,128,0.0001,123,85875556,85875556,100.0,92.18,92.18,9593.2,2818.0,469.7,106.3,vit_base_patch16_224.augreg_in21k,8,64,20
main__vit_l__linear_probe__flowers102__s42__f100__r8__a64__p20,main,linear_probe,flowers102,vit_l,1.0,102,30,64,0.001,42,104550,303406182,0.0345,99.366,99.317,2939.7,1326.0,44.2,44.9,vit_large_patch16_224.augreg_in21k,8,64,20
main__vit_l__bitfit__flowers102__s42__f100__r8__a64__p20,main,bitfit,flowers102,vit_l,1.0,102,30,64,0.001,42,376934,303406182,0.1242,99.593,99.577,2944.2,2360.7,78.7,25.2,vit_large_patch16_224.augreg_in21k,8,64,20
main__vit_l__ssf__flowers102__s42__f100__r8__a64__p20,main,ssf,flowers102,vit_l,1.0,102,30,64,0.002,42,301158,303602790,0.0992,99.593,99.593,3142.7,2753.1,91.8,21.6,vit_large_patch16_224.augreg_in21k,8,64,20
main__vit_l__lora__flowers102__s42__f100__r8__a64__p20,main,lora,flowers102,vit_l,1.0,102,30,64,0.001,42,890982,304192614,0.2929,99.626,99.593,2965.8,1401.8,46.7,42.5,vit_large_patch16_224.augreg_in21k,8,64,20
main__vit_l__adaptformer__flowers102__s42__f100__r8__a64__p20,main,adaptformer,flowers102,vit_l,1.0,102,30,64,0.001,42,3276414,306578046,1.0687,99.658,99.642,2994.9,1346.6,44.9,44.2,vit_large_patch16_224.augreg_in21k,8,64,20
main__vit_l__lora_ssf__flowers102__s42__f100__r8__a64__p20,main,lora_ssf,flowers102,vit_l,1.0,102,30,64,0.001,42,1087590,304389222,0.3573,99.642,99.626,3156.1,1670.8,55.7,35.6,vit_large_patch16_224.augreg_in21k,8,64,20
main__vit_l__full_ft__flowers102__s42__f100__r8__a64__p20,main,full_ft,flowers102,vit_l,1.0,102,30,32,0.0001,42,303406182,303406182,100.0,98.26,98.26,6966.7,1549.7,51.7,39.0,vit_large_patch16_224.augreg_in21k,8,64,20
main__vit_l__linear_probe__dtd__s42__f100__r8__a64__p20,main,linear_probe,dtd,vit_l,1.0,47,20,64,0.001,42,48175,303349807,0.0159,78.351,78.351,2938.8,504.7,25.2,147.1,vit_large_patch16_224.augreg_in21k,8,64,20
main__vit_l__bitfit__dtd__s42__f100__r8__a64__p20,main,bitfit,dtd,vit_l,1.0,47,20,64,0.001,42,320559,303349807,0.1057,81.702,81.596,2943.3,1169.4,58.5,63.5,vit_large_patch16_224.augreg_in21k,8,64,20
main__vit_l__ssf__dtd__s42__f100__r8__a64__p20,main,ssf,dtd,vit_l,1.0,47,20,64,0.002,42,244783,303546415,0.0806,82.553,82.287,3141.8,1407.4,70.4,52.8,vit_large_patch16_224.augreg_in21k,8,64,20
main__vit_l__vpt__dtd__s42__f100__r8__a64__p20,main,vpt,dtd,vit_l,1.0,47,20,64,0.005,42,68655,303370287,0.0226,77.074,76.702,9914.1,2965.5,148.3,25.0,vit_large_patch16_224.augreg_in21k,8,64,20
main__vit_l__lora__dtd__s42__f100__r8__a64__p20,main,lora,dtd,vit_l,1.0,47,20,64,0.001,42,834607,304136239,0.2744,83.298,83.032,2964.9,1346.5,67.3,55.1,vit_large_patch16_224.augreg_in21k,8,64,20
main__vit_l__adaptformer__dtd__s42__f100__r8__a64__p20,main,adaptformer,dtd,vit_l,1.0,47,20,64,0.001,42,3220039,306521671,1.0505,84.628,84.574,2994.0,1303.6,65.2,57.0,vit_large_patch16_224.augreg_in21k,8,64,20
main__vit_l__lora_ssf__dtd__s42__f100__r8__a64__p20,main,lora_ssf,dtd,vit_l,1.0,47,20,64,0.001,42,1031215,304332847,0.3388,83.936,83.67,3155.2,1625.3,81.3,45.7,vit_large_patch16_224.augreg_in21k,8,64,20
main__vit_l__full_ft__dtd__s42__f100__r8__a64__p20,main,full_ft,dtd,vit_l,1.0,47,20,32,0.0001,42,303349807,303349807,100.0,79.309,79.149,6969.1,1576.4,78.8,47.5,vit_large_patch16_224.augreg_in21k,8,64,20
main__vit_l__linear_probe__pets__s42__f100__r8__a64__p20,main,linear_probe,pets,vit_l,1.0,37,20,64,0.001,42,37925,303339557,0.0125,92.832,92.696,2938.6,590.1,29.5,123.6,vit_large_patch16_224.augreg_in21k,8,64,20
main__vit_l__bitfit__pets__s42__f100__r8__a64__p20,main,bitfit,pets,vit_l,1.0,37,20,64,0.001,42,310309,303339557,0.1023,94.849,94.794,2943.1,1247.5,62.4,58.5,vit_large_patch16_224.augreg_in21k,8,64,20
main__vit_l__ssf__pets__s42__f100__r8__a64__p20,main,ssf,pets,vit_l,1.0,37,20,64,0.002,42,234533,303536165,0.0773,95.121,95.067,3141.6,1500.0,75.0,48.6,vit_large_patch16_224.augreg_in21k,8,64,20
main__vit_l__vpt__pets__s42__f100__r8__a64__p20,main,vpt,pets,vit_l,1.0,37,20,64,0.005,42,58405,303360037,0.0193,93.186,93.159,9913.9,3007.3,150.4,24.3,vit_large_patch16_224.augreg_in21k,8,64,20
main__vit_l__lora__pets__s42__f100__r8__a64__p20,main,lora,pets,vit_l,1.0,37,20,64,0.001,42,824357,304125989,0.2711,95.339,95.312,2964.7,1429.8,71.5,51.0,vit_large_patch16_224.augreg_in21k,8,64,20
main__vit_l__adaptformer__pets__s42__f100__r8__a64__p20,main,adaptformer,pets,vit_l,1.0,37,20,64,0.001,42,3209789,306511421,1.0472,95.258,95.094,2993.9,1379.2,69.0,52.9,vit_large_patch16_224.augreg_in21k,8,64,20
main__vit_l__lora_ssf__pets__s42__f100__r8__a64__p20,main,lora_ssf,pets,vit_l,1.0,37,20,64,0.001,42,1020965,304322597,0.3355,95.421,95.258,3155.0,1722.7,86.1,42.4,vit_large_patch16_224.augreg_in21k,8,64,20
main__vit_l__full_ft__pets__s42__f100__r8__a64__p20,main,full_ft,pets,vit_l,1.0,37,20,32,0.0001,42,303339557,303339557,100.0,92.314,92.15,6969.4,1645.3,82.3,44.7,vit_large_patch16_224.augreg_in21k,8,64,20
main__vit_l__linear_probe__cifar100__s42__f100__r8__a64__p20,main,linear_probe,cifar100,vit_l,1.0,100,6,64,0.001,42,102500,303404132,0.0338,89.78,89.78,2939.6,1547.2,257.9,193.8,vit_large_patch16_224.augreg_in21k,8,64,20
main__vit_l__bitfit__cifar100__s42__f100__r8__a64__p20,main,bitfit,cifar100,vit_l,1.0,100,6,64,0.001,42,374884,303404132,0.1236,94.72,94.72,2944.2,4257.1,709.5,70.4,vit_large_patch16_224.augreg_in21k,8,64,20
main__vit_l__ssf__cifar100__s42__f100__r8__a64__p20,main,ssf,cifar100,vit_l,1.0,100,6,64,0.002,42,299108,303600740,0.0985,94.89,94.89,3142.6,5183.8,864.0,57.9,vit_large_patch16_224.augreg_in21k,8,64,20
